{"intrinsics": [{"intrinsics": [[11943.251983567252, 0.0, 1326.2857109380577], [0.0, 11944.29042916414, 984.376110873694], [0.0, 0.0, 1.0]], "distortion": [[0.06492457791482119, -2.8303384527515223, 0.0009214577035341646, 0.0006979113516648719, -0.18680685143982476]], "distortion_model": "plum_bob", "intrinsics_rectified": [[11939.41015625, 0.0, 1326.1540478239476], [0.0, 11938.7587890625, 984.2313193729933], [0.0, 0.0, 1.0]], "rvecs": [[[-0.24387649830152727], [2.8262168527999125], [0.005553733375682377]], [[-0.24355926778114403], [2.8265138305041435], [0.007498544322249714]], [[-0.24358116067910182], [2.82651257319128], [0.007510456733021007]], [[-0.2600960095471384], [2.630814276147616], [0.12871464868916682]], [[-0.26022892903818157], [2.6300808912231095], [0.1262028755417502]], [[-0.26085358674470926], [2.6307853376003925], [0.1282032061698722]], [[-0.26388173500481815], [2.5784126142068065], [0.15685492234463846]], [[-0.22886809918882417], [2.9587057973695345], [-0.0857606156563469]], [[-0.22921402152996212], [2.9600150529774356], [-0.08843157099884966]], [[-0.2734383695331152], [2.6216775131208516], [0.2786212007618102]], [[-0.27348703159349824], [2.6216704447526933], [0.2796278676249016]], [[-0.27367115303706985], [2.622653672941409], [0.2813342101476978]], [[-0.27363449909452353], [2.6216607311111453], [0.27978074976059464]], [[-0.2732384475715692], [2.621190430635792], [0.2789186279569304]], [[-0.27327925324646535], [2.62087986044076], [0.2797412819642714]], [[-0.2737900370428232], [2.6213175043127976], [0.28127861268369775]], [[-0.5146751178711237], [2.6127457725800185], [0.25178411812454266]], [[-0.24311314910613288], [2.823818733560458], [0.007560833015937406]], [[-0.24322586101375993], [2.825453940359063], [0.008660899135414906]]], "tvecs": [[[0.11455139400513994], [-0.06234394496018704], [0.7237217921425395]], [[0.16871136334641093], [-0.03141956496594162], [0.7306192258018436]], [[0.1125158691044285], [-0.018048870640133788], [0.7174665810621692]], [[0.0943806832827826], [-0.028200024506511098], [0.7171168606967789]], [[0.024917137534060198], [-0.06895988963852244], [0.7026792452105917]], [[0.0718209444014936], [-0.04001820248415517], [0.719519567723646]], [[0.031930453975208294], [-0.04011181080807572], [0.7058918108244229]], [[0.05995885380701869], [-0.03173313026148338], [0.6698996995906885]], [[0.10776189667925141], [-0.07342820986646537], [0.7062579585756273]], [[0.07685778630128196], [-0.09955575793387157], [0.7099521261571536]], [[0.13986661200854475], [-0.09527660572669139], [0.733139040619602]], [[0.13480887413374487], [-0.015216966205580227], [0.7308180042041981]], [[0.15669504450249436], [-0.08639310579485117], [0.7393935984694574]], [[0.11128456378110105], [-0.12116622524902942], [0.7227456778034135]], [[0.04356720328511959], [-0.04953624613009739], [0.6973719152052571]], [[0.021492083410205216], [-0.00888790257360703], [0.6887808544935509]], [[0.06423681119370905], [-0.036605169378611885], [0.7291524797984927]], [[0.06055792941262509], [-0.03839101362637301], [0.6752431957733495]], [[0.10651323219395113], [-0.00999131961489549], [0.6919791341699739]]]}, {"intrinsics": [[12421.92805456053, 0.0, 1273.8450939345535], [0.0, 12419.33842154395, 1097.136565736055], [0.0, 0.0, 1.0]], "distortion": [[-0.030521764065879725, -0.7052919407481902, 0.0009075626487712632, -0.0006009779974605572, -0.1528646633171334]], "distortion_model": "plum_bob", "intrinsics_rectified": [[12404.8701171875, 0.0, 1273.0229619115416], [0.0, 12401.1796875, 1096.9875458351453], [0.0, 0.0, 1.0]], "rvecs": [[[0.2716029881371798], [-3.0926859128367186], [-0.04633728609197869]], [[0.27071342489126426], [-3.088679870450106], [-0.043992848067703254]], [[0.27072811242948547], [-3.088582939775148], [-0.04593779297530109]], [[-0.2695976180059522], [2.9711023772394354], [0.18750914085255554]], [[-0.27042288689157823], [2.978043611177677], [0.17589840986240166]], [[-0.2706085951076173], [2.9724671012893866], [0.18622596241540193]], [[-0.2680497518170909], [2.9232462211387116], [0.22001017778362716]], [[0.25261970077101814], [-2.9554030689366337], [0.05195467978648615]], [[0.2529484797949398], [-2.95690133655071], [0.05248873938924964]], [[-0.256228705360705], [2.9643691534890104], [0.3495496677810532]], [[-0.2556567207421654], [2.963471200220271], [0.35175427327099146]], [[-0.2556407853658022], [2.96207671217885], [0.3540051973635886]], [[-0.25573318109799603], [2.9626258227073965], [0.3531760800580519]], [[-0.2567820787821351], [2.9713100611384453], [0.3416525758326927]], [[-0.2553443120452679], [2.962647277980546], [0.352245420623287]], [[-0.2559567076927571], [2.962094528195686], [0.3556636279546414]], [[-0.5196297713578464], [2.946834333899014], [0.37877380004643246]], [[0.270724044522498], [-3.0891712874209416], [-0.04497148641712189]], [[0.27025127156745277], [-3.087542634852025], [-0.04333919383018281]]], "tvecs": [[[0.14959866111536776], [-0.059609728059292474], [0.6563180529950974]], [[0.20262445235176085], [-0.02825105181236836], [0.6438058736961931]], [[0.1451684046714855], [-0.01533650633848017], [0.6504223272441502]], [[0.12807908950450028], [-0.02562256278949105], [0.65615992085759]], [[0.058191809448961726], [-0.06692301190953984], [0.6659098566249895]], [[0.10779418403661999], [-0.03758404401109884], [0.6661637474899237]], [[0.06569531285128805], [-0.03799020155188235], [0.666276993855635]], [[0.0797267880080047], [-0.02956848983153262], [0.6227073763403168]], [[0.13735276477968042], [-0.07078140410678295], [0.6415527337640642]], [[0.10977508392937113], [-0.09705585408192743], [0.6553248892607115]], [[0.17687242833576267], [-0.09225669481815335], [0.6557926187281534]], [[0.1706402565611874], [-0.012255304198610994], [0.6552011809963706]], [[0.19473907757637088], [-0.08323260622115185], [0.6558780274592715]], [[0.1467200168634659], [-0.11830201092364291], [0.6557216788793306]], [[0.07379405637058277], [-0.04738358151697313], [0.6547790508651093]], [[0.04979341949187247], [-0.006914969585201942], [0.6541057714053747]], [[0.10399200839452892], [-0.034320013598752454], [0.6768077511734252]], [[0.08219759854875965], [-0.036211706142227205], [0.6278559058480313]], [[0.13085421075113682], [-0.00741634302925643], [0.6278570271205702]]]}], "rotation": [[0.9411688292611613, -0.0082616480553549, 0.3378357293102439], [0.007247193242438338, 0.9999646477224003, 0.004263976491786197], [-0.33785901352084974, -0.0015647609482601008, 0.9411954305593994]], "translation": [[-0.20324959410801802], [-0.0011492892705124214], [0.0130590079648191]], "essential": [[0.0002936565849098383, -0.013056747936175601, -0.0011373891127652738], [-0.05637897612628712, -0.0004259259553673547, 0.19570938871738214], [-0.0003913138477373735, -0.2032519037954119, -0.00047838051234967303]], "fundamental": [[-1.302350056517009e-09, 5.790089140208546e-08, 4.97584570626492e-06], [2.5008965183431797e-07, 1.8891867199902182e-09, -0.010701975063904494], [-0.0002511658198384481, 0.011120453391522287, 1.0]], "cam_list": ["left", "right"]}